seed,writer,key,start_ns,elapsed_ns,http_status,response_or_error
160421,0,o2-edge-99a8dda1-4872-40d8-9d67-14b637195532-0,81422167034750,783958264,201,"{""amount"": 1, ""status"": ""RESERVED"", ""accountId"": ""99a8dda1-4872-40d8-9d67-14b637195532"", ""reservationId"": ""4a078bbc-646e-41ed-949d-e1f9a8994018"", ""idempotencyKey"": ""o2-edge-99a8dda1-4872-40d8-9d67-14b637195532-0""}"
160421,1,o2-edge-99a8dda1-4872-40d8-9d67-14b637195532-1,81422174179008,893607584,409,"{""code"":""conflict"",""message"":""Reserve over capacity""}"
160421,2,o2-edge-99a8dda1-4872-40d8-9d67-14b637195532-2,81422165648838,819113496,409,"{""code"":""conflict"",""message"":""Reserve over capacity""}"
160421,3,o2-edge-99a8dda1-4872-40d8-9d67-14b637195532-3,81422142402647,203261373,201,"{""amount"": 1, ""status"": ""RESERVED"", ""accountId"": ""99a8dda1-4872-40d8-9d67-14b637195532"", ""reservationId"": ""e6825a6c-b4cd-4d31-9d6f-9f265b419e8e"", ""idempotencyKey"": ""o2-edge-99a8dda1-4872-40d8-9d67-14b637195532-3""}"
160421,4,o2-edge-99a8dda1-4872-40d8-9d67-14b637195532-4,81422127488924,73449005,201,"{""amount"": 1, ""status"": ""RESERVED"", ""accountId"": ""99a8dda1-4872-40d8-9d67-14b637195532"", ""reservationId"": ""a30f0f70-e49c-4a8e-adac-9b445386af37"", ""idempotencyKey"": ""o2-edge-99a8dda1-4872-40d8-9d67-14b637195532-4""}"
160421,5,o2-edge-99a8dda1-4872-40d8-9d67-14b637195532-5,81422151618223,547071803,201,"{""amount"": 1, ""status"": ""RESERVED"", ""accountId"": ""99a8dda1-4872-40d8-9d67-14b637195532"", ""reservationId"": ""b537f356-693a-4478-a83c-9bcb8942d581"", ""idempotencyKey"": ""o2-edge-99a8dda1-4872-40d8-9d67-14b637195532-5""}"
160421,6,o2-edge-99a8dda1-4872-40d8-9d67-14b637195532-6,81422126318014,675609593,201,"{""amount"": 1, ""status"": ""RESERVED"", ""accountId"": ""99a8dda1-4872-40d8-9d67-14b637195532"", ""reservationId"": ""b34338eb-5f40-4a1a-8551-f0d99cd495ab"", ""idempotencyKey"": ""o2-edge-99a8dda1-4872-40d8-9d67-14b637195532-6""}"
160421,7,o2-edge-99a8dda1-4872-40d8-9d67-14b637195532-7,81422162883615,664256458,201,"{""amount"": 1, ""status"": ""RESERVED"", ""accountId"": ""99a8dda1-4872-40d8-9d67-14b637195532"", ""reservationId"": ""72f50879-9b3f-4263-9ed4-d4998b48219d"", ""idempotencyKey"": ""o2-edge-99a8dda1-4872-40d8-9d67-14b637195532-7""}"
160421,8,o2-edge-99a8dda1-4872-40d8-9d67-14b637195532-8,81422175287618,874716769,409,"{""code"":""conflict"",""message"":""Reserve over capacity""}"
160421,9,o2-edge-99a8dda1-4872-40d8-9d67-14b637195532-9,81422176779230,895712737,409,"{""code"":""conflict"",""message"":""Reserve over capacity""}"
160421,10,o2-edge-99a8dda1-4872-40d8-9d67-14b637195532-10,81422163113617,817667238,409,"{""code"":""conflict"",""message"":""Reserve over capacity""}"
160421,11,o2-edge-99a8dda1-4872-40d8-9d67-14b637195532-11,81422159810990,582400331,201,"{""amount"": 1, ""status"": ""RESERVED"", ""accountId"": ""99a8dda1-4872-40d8-9d67-14b637195532"", ""reservationId"": ""1c58f289-f580-4789-96fb-ba2b926f49be"", ""idempotencyKey"": ""o2-edge-99a8dda1-4872-40d8-9d67-14b637195532-11""}"
160421,12,o2-edge-99a8dda1-4872-40d8-9d67-14b637195532-12,81422171315885,864603077,409,"{""code"":""conflict"",""message"":""Reserve over capacity""}"
160421,13,o2-edge-99a8dda1-4872-40d8-9d67-14b637195532-13,81422168606863,816325570,409,"{""code"":""conflict"",""message"":""Reserve over capacity""}"
160421,14,o2-edge-99a8dda1-4872-40d8-9d67-14b637195532-14,81422168555362,844961719,409,"{""code"":""conflict"",""message"":""Reserve over capacity""}"
160421,15,o2-edge-99a8dda1-4872-40d8-9d67-14b637195532-15,81422155603756,767690005,201,"{""amount"": 1, ""status"": ""RESERVED"", ""accountId"": ""99a8dda1-4872-40d8-9d67-14b637195532"", ""reservationId"": ""9a16089e-99cb-44d4-b1cd-cb4fc0ccf9d7"", ""idempotencyKey"": ""o2-edge-99a8dda1-4872-40d8-9d67-14b637195532-15""}"
160421,16,o2-edge-99a8dda1-4872-40d8-9d67-14b637195532-16,81422168675363,818845356,409,"{""code"":""conflict"",""message"":""Reserve over capacity""}"
160421,17,o2-edge-99a8dda1-4872-40d8-9d67-14b637195532-17,81422139672624,311285963,201,"{""amount"": 1, ""status"": ""RESERVED"", ""accountId"": ""99a8dda1-4872-40d8-9d67-14b637195532"", ""reservationId"": ""2fddf3b7-13d0-44b7-9ca4-c4757fb9ced2"", ""idempotencyKey"": ""o2-edge-99a8dda1-4872-40d8-9d67-14b637195532-17""}"
160421,18,o2-edge-99a8dda1-4872-40d8-9d67-14b637195532-18,81422149793508,280746111,201,"{""amount"": 1, ""status"": ""RESERVED"", ""accountId"": ""99a8dda1-4872-40d8-9d67-14b637195532"", ""reservationId"": ""4ade7bea-be16-437e-a55d-af7f342553ba"", ""idempotencyKey"": ""o2-edge-99a8dda1-4872-40d8-9d67-14b637195532-18""}"
160421,19,o2-edge-99a8dda1-4872-40d8-9d67-14b637195532-19,81422168866065,844858115,409,"{""code"":""conflict"",""message"":""Reserve over capacity""}"
160421,20,o2-edge-99a8dda1-4872-40d8-9d67-14b637195532-20,81422170045874,890991954,409,"{""code"":""conflict"",""message"":""Reserve over capacity""}"
160421,21,o2-edge-99a8dda1-4872-40d8-9d67-14b637195532-21,81422171702188,912473817,409,"{""code"":""conflict"",""message"":""Reserve over capacity""}"
160421,22,o2-edge-99a8dda1-4872-40d8-9d67-14b637195532-22,81422159876991,838711269,409,"{""code"":""conflict"",""message"":""Reserve over capacity""}"
160421,23,o2-edge-99a8dda1-4872-40d8-9d67-14b637195532-23,81422175198117,901338929,409,"{""code"":""conflict"",""message"":""Reserve over capacity""}"
160421,24,o2-edge-99a8dda1-4872-40d8-9d67-14b637195532-24,81422152838533,494768872,201,"{""amount"": 1, ""status"": ""RESERVED"", ""accountId"": ""99a8dda1-4872-40d8-9d67-14b637195532"", ""reservationId"": ""70f06ce0-c83b-421a-84aa-8af0aca370cd"", ""idempotencyKey"": ""o2-edge-99a8dda1-4872-40d8-9d67-14b637195532-24""}"
160421,25,o2-edge-99a8dda1-4872-40d8-9d67-14b637195532-25,81422163377220,843097799,409,"{""code"":""conflict"",""message"":""Reserve over capacity""}"
160421,26,o2-edge-99a8dda1-4872-40d8-9d67-14b637195532-26,81422177901639,886245773,409,"{""code"":""conflict"",""message"":""Reserve over capacity""}"
160421,27,o2-edge-99a8dda1-4872-40d8-9d67-14b637195532-27,81422177094532,888654471,409,"{""code"":""conflict"",""message"":""Reserve over capacity""}"
160421,28,o2-edge-99a8dda1-4872-40d8-9d67-14b637195532-28,81422178570045,905172362,409,"{""code"":""conflict"",""message"":""Reserve over capacity""}"
160421,29,o2-edge-99a8dda1-4872-40d8-9d67-14b637195532-29,81422126153413,99289517,201,"{""amount"": 1, ""status"": ""RESERVED"", ""accountId"": ""99a8dda1-4872-40d8-9d67-14b637195532"", ""reservationId"": ""89817f3a-f6f4-49c1-92a0-820c3dd5387e"", ""idempotencyKey"": ""o2-edge-99a8dda1-4872-40d8-9d67-14b637195532-29""}"
160421,30,o2-edge-99a8dda1-4872-40d8-9d67-14b637195532-30,81422132585066,127686351,201,"{""amount"": 1, ""status"": ""RESERVED"", ""accountId"": ""99a8dda1-4872-40d8-9d67-14b637195532"", ""reservationId"": ""1368caa8-4d8c-4fb0-af12-2c9555b3ba15"", ""idempotencyKey"": ""o2-edge-99a8dda1-4872-40d8-9d67-14b637195532-30""}"
160421,31,o2-edge-99a8dda1-4872-40d8-9d67-14b637195532-31,81422144310863,224721149,201,"{""amount"": 1, ""status"": ""RESERVED"", ""accountId"": ""99a8dda1-4872-40d8-9d67-14b637195532"", ""reservationId"": ""096f264d-13e5-4e19-b73c-29b1e8447dee"", ""idempotencyKey"": ""o2-edge-99a8dda1-4872-40d8-9d67-14b637195532-31""}"
160421,32,o2-edge-99a8dda1-4872-40d8-9d67-14b637195532-32,81422170109175,859450921,409,"{""code"":""conflict"",""message"":""Reserve over capacity""}"
160421,33,o2-edge-99a8dda1-4872-40d8-9d67-14b637195532-33,81422171377585,881325488,409,"{""code"":""conflict"",""message"":""Reserve over capacity""}"
160421,34,o2-edge-99a8dda1-4872-40d8-9d67-14b637195532-34,81422177578136,904245982,409,"{""code"":""conflict"",""message"":""Reserve over capacity""}"
160421,35,o2-edge-99a8dda1-4872-40d8-9d67-14b637195532-35,81422171565487,839983705,409,"{""code"":""conflict"",""message"":""Reserve over capacity""}"
160421,36,o2-edge-99a8dda1-4872-40d8-9d67-14b637195532-36,81422162934016,813317163,201,"{""amount"": 1, ""status"": ""RESERVED"", ""accountId"": ""99a8dda1-4872-40d8-9d67-14b637195532"", ""reservationId"": ""d4c67f94-e9d7-4925-9de4-08272616bd11"", ""idempotencyKey"": ""o2-edge-99a8dda1-4872-40d8-9d67-14b637195532-36""}"
160421,37,o2-edge-99a8dda1-4872-40d8-9d67-14b637195532-37,81422170247176,836108343,409,"{""code"":""conflict"",""message"":""Reserve over capacity""}"
160421,38,o2-edge-99a8dda1-4872-40d8-9d67-14b637195532-38,81422172303793,869673737,409,"{""code"":""conflict"",""message"":""Reserve over capacity""}"
160421,39,o2-edge-99a8dda1-4872-40d8-9d67-14b637195532-39,81422174515111,912634278,409,"{""code"":""conflict"",""message"":""Reserve over capacity""}"
160421,40,o2-edge-99a8dda1-4872-40d8-9d67-14b637195532-40,81422172836197,856498700,409,"{""code"":""conflict"",""message"":""Reserve over capacity""}"
160421,41,o2-edge-99a8dda1-4872-40d8-9d67-14b637195532-41,81422173016199,873917104,409,"{""code"":""conflict"",""message"":""Reserve over capacity""}"
160421,42,o2-edge-99a8dda1-4872-40d8-9d67-14b637195532-42,81422169973874,853411755,409,"{""code"":""conflict"",""message"":""Reserve over capacity""}"
160421,43,o2-edge-99a8dda1-4872-40d8-9d67-14b637195532-43,81422133779576,145829900,201,"{""amount"": 1, ""status"": ""RESERVED"", ""accountId"": ""99a8dda1-4872-40d8-9d67-14b637195532"", ""reservationId"": ""0f6059ed-553d-4b07-9202-9ef8754392b9"", ""idempotencyKey"": ""o2-edge-99a8dda1-4872-40d8-9d67-14b637195532-43""}"
160421,44,o2-edge-99a8dda1-4872-40d8-9d67-14b637195532-44,81422132447965,171656113,201,"{""amount"": 1, ""status"": ""RESERVED"", ""accountId"": ""99a8dda1-4872-40d8-9d67-14b637195532"", ""reservationId"": ""2dc7c1fa-2f0c-44a4-9496-6b8e8995c790"", ""idempotencyKey"": ""o2-edge-99a8dda1-4872-40d8-9d67-14b637195532-44""}"
160421,45,o2-edge-99a8dda1-4872-40d8-9d67-14b637195532-45,81422178667745,908991242,409,"{""code"":""conflict"",""message"":""Reserve over capacity""}"
160421,46,o2-edge-99a8dda1-4872-40d8-9d67-14b637195532-46,81422175727821,888112992,409,"{""code"":""conflict"",""message"":""Reserve over capacity""}"
160421,47,o2-edge-99a8dda1-4872-40d8-9d67-14b637195532-47,81422158489779,734729542,201,"{""amount"": 1, ""status"": ""RESERVED"", ""accountId"": ""99a8dda1-4872-40d8-9d67-14b637195532"", ""reservationId"": ""35c29fea-13d1-4561-af87-ead28ed58208"", ""idempotencyKey"": ""o2-edge-99a8dda1-4872-40d8-9d67-14b637195532-47""}"
160421,48,o2-edge-99a8dda1-4872-40d8-9d67-14b637195532-48,81422162184610,710385921,201,"{""amount"": 1, ""status"": ""RESERVED"", ""accountId"": ""99a8dda1-4872-40d8-9d67-14b637195532"", ""reservationId"": ""8bb923ae-d40e-417d-91ee-2db7031c6617"", ""idempotencyKey"": ""o2-edge-99a8dda1-4872-40d8-9d67-14b637195532-48""}"
160421,49,o2-edge-99a8dda1-4872-40d8-9d67-14b637195532-49,81422145305371,265930289,201,"{""amount"": 1, ""status"": ""RESERVED"", ""accountId"": ""99a8dda1-4872-40d8-9d67-14b637195532"", ""reservationId"": ""64f22d3c-5411-4869-b5ab-3855daf3b5f6"", ""idempotencyKey"": ""o2-edge-99a8dda1-4872-40d8-9d67-14b637195532-49""}"
160421,50,o2-edge-99a8dda1-4872-40d8-9d67-14b637195532-50,81422170155875,824483006,409,"{""code"":""conflict"",""message"":""Reserve over capacity""}"
160421,51,o2-edge-99a8dda1-4872-40d8-9d67-14b637195532-51,81422132225063,203086672,201,"{""amount"": 1, ""status"": ""RESERVED"", ""accountId"": ""99a8dda1-4872-40d8-9d67-14b637195532"", ""reservationId"": ""a10d05f2-f105-4791-bf8c-d7becd24c9d2"", ""idempotencyKey"": ""o2-edge-99a8dda1-4872-40d8-9d67-14b637195532-51""}"
160421,52,o2-edge-99a8dda1-4872-40d8-9d67-14b637195532-52,81422141771642,632579911,201,"{""amount"": 1, ""status"": ""RESERVED"", ""accountId"": ""99a8dda1-4872-40d8-9d67-14b637195532"", ""reservationId"": ""005ab335-dd41-4e38-82da-3345fb3780f2"", ""idempotencyKey"": ""o2-edge-99a8dda1-4872-40d8-9d67-14b637195532-52""}"
160421,53,o2-edge-99a8dda1-4872-40d8-9d67-14b637195532-53,81422151099318,349783580,201,"{""amount"": 1, ""status"": ""RESERVED"", ""accountId"": ""99a8dda1-4872-40d8-9d67-14b637195532"", ""reservationId"": ""14203cd1-0605-4acf-a044-c4076e91bc9f"", ""idempotencyKey"": ""o2-edge-99a8dda1-4872-40d8-9d67-14b637195532-53""}"
160421,54,o2-edge-99a8dda1-4872-40d8-9d67-14b637195532-54,81422159328786,840479668,409,"{""code"":""conflict"",""message"":""Reserve over capacity""}"
160421,55,o2-edge-99a8dda1-4872-40d8-9d67-14b637195532-55,81422166165442,862578258,409,"{""code"":""conflict"",""message"":""Reserve over capacity""}"
160421,56,o2-edge-99a8dda1-4872-40d8-9d67-14b637195532-56,81422157436871,660333651,201,"{""amount"": 1, ""status"": ""RESERVED"", ""accountId"": ""99a8dda1-4872-40d8-9d67-14b637195532"", ""reservationId"": ""2f37f8e9-cd96-4456-9102-380a6dacdd21"", ""idempotencyKey"": ""o2-edge-99a8dda1-4872-40d8-9d67-14b637195532-56""}"
160421,57,o2-edge-99a8dda1-4872-40d8-9d67-14b637195532-57,81422172899498,869070332,409,"{""code"":""conflict"",""message"":""Reserve over capacity""}"
160421,58,o2-edge-99a8dda1-4872-40d8-9d67-14b637195532-58,81422177297134,914278132,409,"{""code"":""conflict"",""message"":""Reserve over capacity""}"
160421,59,o2-edge-99a8dda1-4872-40d8-9d67-14b637195532-59,81422173662704,886524929,409,"{""code"":""conflict"",""message"":""Reserve over capacity""}"
160421,60,o2-edge-99a8dda1-4872-40d8-9d67-14b637195532-60,81422161349103,889358480,409,"{""code"":""conflict"",""message"":""Reserve over capacity""}"
160421,61,o2-edge-99a8dda1-4872-40d8-9d67-14b637195532-61,81422137521707,105808271,201,"{""amount"": 1, ""status"": ""RESERVED"", ""accountId"": ""99a8dda1-4872-40d8-9d67-14b637195532"", ""reservationId"": ""427cd11f-d6f3-47fb-9829-91ed848d0b50"", ""idempotencyKey"": ""o2-edge-99a8dda1-4872-40d8-9d67-14b637195532-61""}"
160421,62,o2-edge-99a8dda1-4872-40d8-9d67-14b637195532-62,81422144785666,211461541,201,"{""amount"": 1, ""status"": ""RESERVED"", ""accountId"": ""99a8dda1-4872-40d8-9d67-14b637195532"", ""reservationId"": ""314125cd-a51d-4b81-a57d-4b0a2af8827c"", ""idempotencyKey"": ""o2-edge-99a8dda1-4872-40d8-9d67-14b637195532-62""}"
160421,63,o2-edge-99a8dda1-4872-40d8-9d67-14b637195532-63,81422158251077,480352254,201,"{""amount"": 1, ""status"": ""RESERVED"", ""accountId"": ""99a8dda1-4872-40d8-9d67-14b637195532"", ""reservationId"": ""710d1868-5d81-4577-87cf-0639f46062f7"", ""idempotencyKey"": ""o2-edge-99a8dda1-4872-40d8-9d67-14b637195532-63""}"
160421,64,o2-edge-99a8dda1-4872-40d8-9d67-14b637195532-64,81422169940974,856431239,409,"{""code"":""conflict"",""message"":""Reserve over capacity""}"
160421,65,o2-edge-99a8dda1-4872-40d8-9d67-14b637195532-65,81422140476431,146245304,201,"{""amount"": 1, ""status"": ""RESERVED"", ""accountId"": ""99a8dda1-4872-40d8-9d67-14b637195532"", ""reservationId"": ""fe9efdf8-0db4-4609-a81e-3861e861a0f0"", ""idempotencyKey"": ""o2-edge-99a8dda1-4872-40d8-9d67-14b637195532-65""}"
160421,66,o2-edge-99a8dda1-4872-40d8-9d67-14b637195532-66,81422150085410,412774598,201,"{""amount"": 1, ""status"": ""RESERVED"", ""accountId"": ""99a8dda1-4872-40d8-9d67-14b637195532"", ""reservationId"": ""f64609e6-aadc-45aa-8793-856a0d0bec6a"", ""idempotencyKey"": ""o2-edge-99a8dda1-4872-40d8-9d67-14b637195532-66""}"
160421,67,o2-edge-99a8dda1-4872-40d8-9d67-14b637195532-67,81422158616480,824740162,409,"{""code"":""conflict"",""message"":""Reserve over capacity""}"
160421,68,o2-edge-99a8dda1-4872-40d8-9d67-14b637195532-68,81422156665264,471533582,201,"{""amount"": 1, ""status"": ""RESERVED"", ""accountId"": ""99a8dda1-4872-40d8-9d67-14b637195532"", ""reservationId"": ""d3e6c960-7585-4a46-8fe6-c7bb48d599ef"", ""idempotencyKey"": ""o2-edge-99a8dda1-4872-40d8-9d67-14b637195532-68""}"
160421,69,o2-edge-99a8dda1-4872-40d8-9d67-14b637195532-69,81422147867092,703297653,201,"{""amount"": 1, ""status"": ""RESERVED"", ""accountId"": ""99a8dda1-4872-40d8-9d67-14b637195532"", ""reservationId"": ""ebba3a03-088f-4aaf-ba48-a84120c43152"", ""idempotencyKey"": ""o2-edge-99a8dda1-4872-40d8-9d67-14b637195532-69""}"
160421,70,o2-edge-99a8dda1-4872-40d8-9d67-14b637195532-70,81422151019918,403203919,201,"{""amount"": 1, ""status"": ""RESERVED"", ""accountId"": ""99a8dda1-4872-40d8-9d67-14b637195532"", ""reservationId"": ""899ed07d-9fb6-46f1-94a0-acf853c5f185"", ""idempotencyKey"": ""o2-edge-99a8dda1-4872-40d8-9d67-14b637195532-70""}"
160421,71,o2-edge-99a8dda1-4872-40d8-9d67-14b637195532-71,81422171607587,866324064,409,"{""code"":""conflict"",""message"":""Reserve over capacity""}"
160421,72,o2-edge-99a8dda1-4872-40d8-9d67-14b637195532-72,81422161441104,601041013,201,"{""amount"": 1, ""status"": ""RESERVED"", ""accountId"": ""99a8dda1-4872-40d8-9d67-14b637195532"", ""reservationId"": ""d1bd44a6-eb4d-405e-aee0-56eef6d96c66"", ""idempotencyKey"": ""o2-edge-99a8dda1-4872-40d8-9d67-14b637195532-72""}"
160421,73,o2-edge-99a8dda1-4872-40d8-9d67-14b637195532-73,81422155547755,533691493,201,"{""amount"": 1, ""status"": ""RESERVED"", ""accountId"": ""99a8dda1-4872-40d8-9d67-14b637195532"", ""reservationId"": ""d60259fd-c6be-4fde-92f5-2b1609d8ccda"", ""idempotencyKey"": ""o2-edge-99a8dda1-4872-40d8-9d67-14b637195532-73""}"
160421,74,o2-edge-99a8dda1-4872-40d8-9d67-14b637195532-74,81422166237243,747695768,201,"{""amount"": 1, ""status"": ""RESERVED"", ""accountId"": ""99a8dda1-4872-40d8-9d67-14b637195532"", ""reservationId"": ""84a957e2-288b-4980-80cc-07dcbab6fdc4"", ""idempotencyKey"": ""o2-edge-99a8dda1-4872-40d8-9d67-14b637195532-74""}"
160421,75,o2-edge-99a8dda1-4872-40d8-9d67-14b637195532-75,81422146986585,437315499,201,"{""amount"": 1, ""status"": ""RESERVED"", ""accountId"": ""99a8dda1-4872-40d8-9d67-14b637195532"", ""reservationId"": ""0a7c6944-d9bf-468f-bdf3-5edc623e179f"", ""idempotencyKey"": ""o2-edge-99a8dda1-4872-40d8-9d67-14b637195532-75""}"
160421,76,o2-edge-99a8dda1-4872-40d8-9d67-14b637195532-76,81422159949091,833871595,409,"{""code"":""conflict"",""message"":""Reserve over capacity""}"
160421,77,o2-edge-99a8dda1-4872-40d8-9d67-14b637195532-77,81422169090867,855298356,409,"{""code"":""conflict"",""message"":""Reserve over capacity""}"
160421,78,o2-edge-99a8dda1-4872-40d8-9d67-14b637195532-78,81422157938675,504935156,201,"{""amount"": 1, ""status"": ""RESERVED"", ""accountId"": ""99a8dda1-4872-40d8-9d67-14b637195532"", ""reservationId"": ""51dd71fe-254d-46e3-b974-cc5ba80d5e20"", ""idempotencyKey"": ""o2-edge-99a8dda1-4872-40d8-9d67-14b637195532-78""}"
160421,79,o2-edge-99a8dda1-4872-40d8-9d67-14b637195532-79,81422161607405,842268727,409,"{""code"":""conflict"",""message"":""Reserve over capacity""}"
160421,80,o2-edge-99a8dda1-4872-40d8-9d67-14b637195532-80,81422134585183,468841759,201,"{""amount"": 1, ""status"": ""RESERVED"", ""accountId"": ""99a8dda1-4872-40d8-9d67-14b637195532"", ""reservationId"": ""77aaa2f2-6317-48e5-8dfb-0dfeb6e9f4d8"", ""idempotencyKey"": ""o2-edge-99a8dda1-4872-40d8-9d67-14b637195532-80""}"
160421,81,o2-edge-99a8dda1-4872-40d8-9d67-14b637195532-81,81422136490598,178597370,201,"{""amount"": 1, ""status"": ""RESERVED"", ""accountId"": ""99a8dda1-4872-40d8-9d67-14b637195532"", ""reservationId"": ""67979e59-d074-40f9-a235-7a854c69e3ac"", ""idempotencyKey"": ""o2-edge-99a8dda1-4872-40d8-9d67-14b637195532-81""}"
160421,82,o2-edge-99a8dda1-4872-40d8-9d67-14b637195532-82,81422153026034,388410498,201,"{""amount"": 1, ""status"": ""RESERVED"", ""accountId"": ""99a8dda1-4872-40d8-9d67-14b637195532"", ""reservationId"": ""b4c9c32e-094f-44b1-b80e-38d825c7e896"", ""idempotencyKey"": ""o2-edge-99a8dda1-4872-40d8-9d67-14b637195532-82""}"
160421,83,o2-edge-99a8dda1-4872-40d8-9d67-14b637195532-83,81422149974309,526638935,201,"{""amount"": 1, ""status"": ""RESERVED"", ""accountId"": ""99a8dda1-4872-40d8-9d67-14b637195532"", ""reservationId"": ""3d257cee-b467-4f8c-9a58-c62ec20db82c"", ""idempotencyKey"": ""o2-edge-99a8dda1-4872-40d8-9d67-14b637195532-83""}"
160421,84,o2-edge-99a8dda1-4872-40d8-9d67-14b637195532-84,81422161908407,621397799,201,"{""amount"": 1, ""status"": ""RESERVED"", ""accountId"": ""99a8dda1-4872-40d8-9d67-14b637195532"", ""reservationId"": ""54513dd6-04eb-450c-8673-884a93b1c932"", ""idempotencyKey"": ""o2-edge-99a8dda1-4872-40d8-9d67-14b637195532-84""}"
160421,85,o2-edge-99a8dda1-4872-40d8-9d67-14b637195532-85,81422171434886,842082595,409,"{""code"":""conflict"",""message"":""Reserve over capacity""}"
160421,86,o2-edge-99a8dda1-4872-40d8-9d67-14b637195532-86,81422148177994,373907878,201,"{""amount"": 1, ""status"": ""RESERVED"", ""accountId"": ""99a8dda1-4872-40d8-9d67-14b637195532"", ""reservationId"": ""4ed0612d-3835-4997-918b-63a45741f633"", ""idempotencyKey"": ""o2-edge-99a8dda1-4872-40d8-9d67-14b637195532-86""}"
160421,87,o2-edge-99a8dda1-4872-40d8-9d67-14b637195532-87,81422160025792,567401370,201,"{""amount"": 1, ""status"": ""RESERVED"", ""accountId"": ""99a8dda1-4872-40d8-9d67-14b637195532"", ""reservationId"": ""b5224a04-d75a-42dc-bf91-5080d4b57f47"", ""idempotencyKey"": ""o2-edge-99a8dda1-4872-40d8-9d67-14b637195532-87""}"
160421,88,o2-edge-99a8dda1-4872-40d8-9d67-14b637195532-88,81422126584917,83450887,201,"{""amount"": 1, ""status"": ""RESERVED"", ""accountId"": ""99a8dda1-4872-40d8-9d67-14b637195532"", ""reservationId"": ""31d0f809-9316-4d72-a8fb-2aafc3ed65ca"", ""idempotencyKey"": ""o2-edge-99a8dda1-4872-40d8-9d67-14b637195532-88""}"
160421,89,o2-edge-99a8dda1-4872-40d8-9d67-14b637195532-89,81422176100424,894957451,409,"{""code"":""conflict"",""message"":""Reserve over capacity""}"
160421,90,o2-edge-99a8dda1-4872-40d8-9d67-14b637195532-90,81422176910231,901761303,409,"{""code"":""conflict"",""message"":""Reserve over capacity""}"
160421,91,o2-edge-99a8dda1-4872-40d8-9d67-14b637195532-91,81422155014551,562527330,201,"{""amount"": 1, ""status"": ""RESERVED"", ""accountId"": ""99a8dda1-4872-40d8-9d67-14b637195532"", ""reservationId"": ""8a192896-5111-4e47-945e-9a8c1fc93e0b"", ""idempotencyKey"": ""o2-edge-99a8dda1-4872-40d8-9d67-14b637195532-91""}"
160421,92,o2-edge-99a8dda1-4872-40d8-9d67-14b637195532-92,81422174968115,897490553,409,"{""code"":""conflict"",""message"":""Reserve over capacity""}"
160421,93,o2-edge-99a8dda1-4872-40d8-9d67-14b637195532-93,81422164402728,798765821,201,"{""amount"": 1, ""status"": ""RESERVED"", ""accountId"": ""99a8dda1-4872-40d8-9d67-14b637195532"", ""reservationId"": ""79590654-81d7-4f12-a9bd-9f6ade2cca25"", ""idempotencyKey"": ""o2-edge-99a8dda1-4872-40d8-9d67-14b637195532-93""}"
160421,94,o2-edge-99a8dda1-4872-40d8-9d67-14b637195532-94,81422156122760,422574478,201,"{""amount"": 1, ""status"": ""RESERVED"", ""accountId"": ""99a8dda1-4872-40d8-9d67-14b637195532"", ""reservationId"": ""49b47531-b108-442a-b8b7-f60fb3aaac20"", ""idempotencyKey"": ""o2-edge-99a8dda1-4872-40d8-9d67-14b637195532-94""}"
160421,95,o2-edge-99a8dda1-4872-40d8-9d67-14b637195532-95,81422177382335,880546110,409,"{""code"":""conflict"",""message"":""Reserve over capacity""}"
160421,96,o2-edge-99a8dda1-4872-40d8-9d67-14b637195532-96,81422172977899,867520339,409,"{""code"":""conflict"",""message"":""Reserve over capacity""}"
160421,97,o2-edge-99a8dda1-4872-40d8-9d67-14b637195532-97,81422164262927,913698211,409,"{""code"":""conflict"",""message"":""Reserve over capacity""}"
160421,98,o2-edge-99a8dda1-4872-40d8-9d67-14b637195532-98,81422162974916,675925394,201,"{""amount"": 1, ""status"": ""RESERVED"", ""accountId"": ""99a8dda1-4872-40d8-9d67-14b637195532"", ""reservationId"": ""8f3a9b3d-4928-41e2-be55-69f3bd22b5a2"", ""idempotencyKey"": ""o2-edge-99a8dda1-4872-40d8-9d67-14b637195532-98""}"
160421,99,o2-edge-99a8dda1-4872-40d8-9d67-14b637195532-99,81422132362564,488032117,201,"{""amount"": 1, ""status"": ""RESERVED"", ""accountId"": ""99a8dda1-4872-40d8-9d67-14b637195532"", ""reservationId"": ""a6e3c05e-da92-4ccb-bf90-5d90380a98dd"", ""idempotencyKey"": ""o2-edge-99a8dda1-4872-40d8-9d67-14b637195532-99""}"
