seed,batches,commands,result,elapsed_ms
4210421,13,21,PASS,649
4210422,13,28,PASS,576
4210423,13,21,PASS,358
4210424,13,25,PASS,323
4210425,13,26,PASS,334
4210426,13,24,PASS,275
4210427,13,24,PASS,282
4210428,13,20,PASS,311
4210429,13,26,PASS,264
4210430,13,21,PASS,247
4210431,13,25,PASS,292
4210432,13,26,PASS,288
4210433,13,22,PASS,252
4210434,13,25,PASS,266
4210435,13,22,PASS,272
4210436,13,26,PASS,237
4210437,13,24,PASS,266
4210438,13,23,PASS,254
4210439,13,22,PASS,284
4210440,13,26,PASS,280
4210441,13,24,PASS,236
4210442,13,27,PASS,260
4210443,13,24,PASS,272
4210444,13,22,PASS,253
4210445,13,24,PASS,239
4210446,13,24,PASS,272
4210447,13,22,PASS,272
4210448,13,23,PASS,308
4210449,13,25,PASS,309
4210450,13,25,PASS,283
4210451,13,25,PASS,262
4210452,13,25,PASS,292
4210453,13,21,PASS,338
4210454,13,26,PASS,331
4210455,13,25,PASS,382
4210456,13,27,PASS,281
4210457,13,22,PASS,284
4210458,13,26,PASS,275
4210459,13,22,PASS,287
4210460,13,20,PASS,292
4210461,13,27,PASS,259
4210462,13,22,PASS,278
4210463,13,26,PASS,284
4210464,13,23,PASS,383
4210465,13,22,PASS,273
4210466,13,21,PASS,307
4210467,13,27,PASS,332
4210468,13,23,PASS,292
4210469,13,22,PASS,256
4210470,13,24,PASS,297
4210471,13,24,PASS,324
4210472,13,21,PASS,269
4210473,13,24,PASS,277
4210474,13,25,PASS,270
4210475,13,28,PASS,281
4210476,13,26,PASS,273
4210477,13,23,PASS,272
4210478,13,26,PASS,265
4210479,13,23,PASS,274
4210480,13,25,PASS,274
4210481,13,20,PASS,244
4210482,13,25,PASS,243
4210483,13,22,PASS,244
4210484,13,22,PASS,263
4210485,13,24,PASS,289
4210486,13,23,PASS,261
4210487,13,23,PASS,229
4210488,13,21,PASS,209
4210489,13,21,PASS,231
4210490,13,23,PASS,220
4210491,13,22,PASS,208
4210492,13,22,PASS,204
4210493,13,20,PASS,214
4210494,13,21,PASS,234
4210495,13,19,PASS,240
4210496,13,24,PASS,215
4210497,13,22,PASS,233
4210498,13,22,PASS,227
4210499,13,23,PASS,213
4210500,13,24,PASS,231
4210501,13,22,PASS,205
4210502,13,25,PASS,239
4210503,13,24,PASS,228
4210504,13,26,PASS,229
4210505,13,25,PASS,237
4210506,13,23,PASS,242
4210507,13,21,PASS,217
4210508,13,21,PASS,226
4210509,13,24,PASS,227
4210510,13,22,PASS,236
4210511,13,22,PASS,313
4210512,13,21,PASS,226
4210513,13,24,PASS,229
4210514,13,23,PASS,236
4210515,13,21,PASS,198
4210516,13,22,PASS,194
4210517,13,18,PASS,206
4210518,13,21,PASS,283
4210519,13,22,PASS,209
4210520,13,25,PASS,227
4210521,13,26,PASS,217
4210522,13,23,PASS,201
4210523,13,21,PASS,251
4210524,13,22,PASS,281
4210525,13,23,PASS,268
4210526,13,22,PASS,270
4210527,13,22,PASS,307
4210528,13,23,PASS,299
4210529,13,23,PASS,275
4210530,13,22,PASS,242
4210531,13,23,PASS,236
4210532,13,22,PASS,220
4210533,13,25,PASS,242
4210534,13,23,PASS,229
4210535,13,25,PASS,241
4210536,13,20,PASS,231
4210537,13,22,PASS,236
4210538,13,23,PASS,228
4210539,13,24,PASS,226
4210540,13,24,PASS,207
4210541,13,19,PASS,202
4210542,13,24,PASS,208
4210543,13,21,PASS,229
4210544,13,23,PASS,231
4210545,13,25,PASS,214
4210546,13,24,PASS,216
4210547,13,23,PASS,202
4210548,13,20,PASS,215
4210549,13,25,PASS,217
4210550,13,22,PASS,199
4210551,13,23,PASS,247
4210552,13,20,PASS,216
4210553,13,24,PASS,230
4210554,13,25,PASS,238
4210555,13,23,PASS,212
4210556,13,23,PASS,213
4210557,13,24,PASS,236
4210558,13,23,PASS,261
4210559,13,24,PASS,237
4210560,13,24,PASS,218
4210561,13,23,PASS,214
4210562,13,23,PASS,237
4210563,13,23,PASS,285
4210564,13,24,PASS,266
4210565,13,25,PASS,230
4210566,13,26,PASS,251
4210567,13,23,PASS,233
4210568,13,23,PASS,243
4210569,13,25,PASS,263
4210570,13,22,PASS,246
4210571,13,25,PASS,216
4210572,13,22,PASS,208
4210573,13,22,PASS,232
4210574,13,20,PASS,215
4210575,13,25,PASS,266
4210576,13,21,PASS,318
4210577,13,22,PASS,264
4210578,13,22,PASS,312
4210579,13,27,PASS,284
4210580,13,23,PASS,284
4210581,13,27,PASS,321
4210582,13,23,PASS,259
4210583,13,25,PASS,244
4210584,13,24,PASS,248
4210585,13,24,PASS,242
4210586,13,25,PASS,217
4210587,13,22,PASS,204
4210588,13,23,PASS,235
4210589,13,25,PASS,222
4210590,13,19,PASS,205
4210591,13,26,PASS,231
4210592,13,20,PASS,226
4210593,13,27,PASS,236
4210594,13,23,PASS,288
4210595,13,24,PASS,245
4210596,13,23,PASS,225
4210597,13,23,PASS,203
4210598,13,20,PASS,233
4210599,13,27,PASS,248
4210600,13,25,PASS,193
4210601,13,20,PASS,222
4210602,13,25,PASS,201
4210603,13,23,PASS,216
4210604,13,20,PASS,263
4210605,13,22,PASS,236
4210606,13,21,PASS,238
4210607,13,25,PASS,287
4210608,13,22,PASS,243
4210609,13,23,PASS,244
4210610,13,25,PASS,227
4210611,13,22,PASS,249
4210612,13,22,PASS,201
4210613,13,26,PASS,218
4210614,13,22,PASS,237
4210615,13,22,PASS,200
4210616,13,23,PASS,219
4210617,13,27,PASS,247
4210618,13,24,PASS,237
4210619,13,25,PASS,221
4210620,13,24,PASS,233
4210621,13,21,PASS,233
4210622,13,25,PASS,237
4210623,13,23,PASS,215
4210624,13,23,PASS,254
4210625,13,21,PASS,224
4210626,13,24,PASS,229
4210627,13,23,PASS,234
4210628,13,26,PASS,241
4210629,13,21,PASS,231
4210630,13,26,PASS,234
4210631,13,24,PASS,228
4210632,13,22,PASS,224
4210633,13,22,PASS,226
4210634,13,21,PASS,199
4210635,13,24,PASS,213
4210636,13,21,PASS,218
4210637,13,23,PASS,206
4210638,13,25,PASS,220
4210639,13,27,PASS,224
4210640,13,24,PASS,227
4210641,13,23,PASS,226
4210642,13,23,PASS,249
4210643,13,22,PASS,244
4210644,13,22,PASS,241
4210645,13,22,PASS,246
4210646,13,22,PASS,247
4210647,13,23,PASS,258
4210648,13,23,PASS,225
4210649,13,26,PASS,224
4210650,13,24,PASS,248
4210651,13,24,PASS,261
4210652,13,22,PASS,259
4210653,13,24,PASS,242
4210654,13,21,PASS,284
4210655,13,25,PASS,285
4210656,13,23,PASS,268
4210657,13,21,PASS,327
4210658,13,23,PASS,341
4210659,13,19,PASS,225
4210660,13,24,PASS,231
4210661,13,20,PASS,237
4210662,13,22,PASS,212
4210663,13,23,PASS,216
4210664,13,21,PASS,222
4210665,13,20,PASS,225
4210666,13,25,PASS,232
4210667,13,21,PASS,210
4210668,13,22,PASS,211
4210669,13,25,PASS,221
4210670,13,25,PASS,211
4210671,13,24,PASS,212
4210672,13,26,PASS,217
4210673,13,25,PASS,228
4210674,13,23,PASS,259
4210675,13,22,PASS,241
4210676,13,24,PASS,228
4210677,13,25,PASS,209
4210678,13,23,PASS,219
4210679,13,22,PASS,232
4210680,13,21,PASS,243
4210681,13,28,PASS,221
4210682,13,23,PASS,195
4210683,13,25,PASS,207
4210684,13,24,PASS,227
4210685,13,21,PASS,205
4210686,13,25,PASS,217
4210687,13,22,PASS,194
4210688,13,25,PASS,215
4210689,13,25,PASS,223
4210690,13,21,PASS,202
4210691,13,24,PASS,213
4210692,13,25,PASS,220
4210693,13,25,PASS,220
4210694,13,23,PASS,222
4210695,13,24,PASS,196
4210696,13,25,PASS,196
4210697,13,25,PASS,232
4210698,13,21,PASS,206
4210699,13,25,PASS,207
4210700,13,21,PASS,222
4210701,13,22,PASS,200
4210702,13,22,PASS,211
4210703,13,24,PASS,272
4210704,13,21,PASS,236
4210705,13,21,PASS,263
4210706,13,22,PASS,265
4210707,13,22,PASS,275
4210708,13,22,PASS,250
4210709,13,25,PASS,296
4210710,13,26,PASS,342
4210711,13,24,PASS,302
4210712,13,25,PASS,403
4210713,13,22,PASS,276
4210714,13,22,PASS,276
4210715,13,22,PASS,253
4210716,13,24,PASS,244
4210717,13,22,PASS,269
4210718,13,24,PASS,267
4210719,13,23,PASS,231
4210720,13,23,PASS,236
4210721,13,20,PASS,235
4210722,13,24,PASS,248
4210723,13,24,PASS,256
4210724,13,24,PASS,271
4210725,13,24,PASS,269
4210726,13,23,PASS,291
4210727,13,23,PASS,240
4210728,13,23,PASS,253
4210729,13,26,PASS,217
4210730,13,25,PASS,233
4210731,13,22,PASS,221
4210732,13,22,PASS,230
4210733,13,20,PASS,247
4210734,13,19,PASS,228
4210735,13,22,PASS,220
4210736,13,22,PASS,212
4210737,13,26,PASS,230
4210738,13,25,PASS,226
4210739,13,25,PASS,233
4210740,13,26,PASS,260
4210741,13,22,PASS,274
4210742,13,21,PASS,215
4210743,13,24,PASS,200
4210744,13,22,PASS,230
4210745,13,24,PASS,204
4210746,13,25,PASS,226
4210747,13,18,PASS,195
4210748,13,23,PASS,201
4210749,13,22,PASS,210
4210750,13,23,PASS,230
4210751,13,24,PASS,204
4210752,13,24,PASS,229
4210753,13,23,PASS,249
4210754,13,26,PASS,207
4210755,13,24,PASS,249
4210756,13,25,PASS,235
4210757,13,23,PASS,214
4210758,13,23,PASS,227
4210759,13,24,PASS,225
4210760,13,24,PASS,216
4210761,13,25,PASS,211
4210762,13,25,PASS,208
4210763,13,24,PASS,213
4210764,13,26,PASS,250
4210765,13,24,PASS,192
4210766,13,26,PASS,212
4210767,13,26,PASS,214
4210768,13,24,PASS,203
4210769,13,23,PASS,227
4210770,13,23,PASS,218
4210771,13,22,PASS,206
4210772,13,22,PASS,206
4210773,13,23,PASS,226
4210774,13,24,PASS,204
4210775,13,21,PASS,221
4210776,13,22,PASS,218
4210777,13,23,PASS,233
4210778,13,21,PASS,222
4210779,13,24,PASS,200
4210780,13,20,PASS,220
4210781,13,25,PASS,233
4210782,13,21,PASS,209
4210783,13,20,PASS,216
4210784,13,25,PASS,206
4210785,13,25,PASS,211
4210786,13,25,PASS,223
4210787,13,24,PASS,217
4210788,13,24,PASS,240
4210789,13,22,PASS,208
4210790,13,24,PASS,211
4210791,13,26,PASS,209
4210792,13,25,PASS,224
4210793,13,23,PASS,227
4210794,13,25,PASS,266
4210795,13,24,PASS,235
4210796,13,23,PASS,229
4210797,13,23,PASS,220
4210798,13,22,PASS,209
4210799,13,22,PASS,204
4210800,13,23,PASS,220
4210801,13,26,PASS,223
4210802,13,20,PASS,190
4210803,13,24,PASS,212
4210804,13,23,PASS,194
4210805,13,23,PASS,199
4210806,13,24,PASS,226
4210807,13,19,PASS,223
4210808,13,23,PASS,228
4210809,13,21,PASS,207
4210810,13,24,PASS,258
4210811,13,26,PASS,225
4210812,13,24,PASS,220
4210813,13,25,PASS,202
4210814,13,25,PASS,240
4210815,13,23,PASS,270
4210816,13,21,PASS,254
4210817,13,25,PASS,256
4210818,13,21,PASS,283
4210819,13,24,PASS,281
4210820,13,24,PASS,271
4210821,13,22,PASS,243
4210822,13,23,PASS,281
4210823,13,23,PASS,235
4210824,13,27,PASS,215
4210825,13,21,PASS,252
4210826,13,26,PASS,241
4210827,13,25,PASS,271
4210828,13,22,PASS,220
4210829,13,23,PASS,238
4210830,13,23,PASS,230
4210831,13,23,PASS,222
4210832,13,24,PASS,213
4210833,13,24,PASS,205
4210834,13,24,PASS,224
4210835,13,24,PASS,198
4210836,13,22,PASS,194
4210837,13,23,PASS,198
4210838,13,26,PASS,212
4210839,13,22,PASS,206
4210840,13,21,PASS,220
4210841,13,24,PASS,211
4210842,13,22,PASS,202
4210843,13,24,PASS,203
4210844,13,25,PASS,229
4210845,13,24,PASS,243
4210846,13,24,PASS,285
4210847,13,25,PASS,289
4210848,13,23,PASS,278
4210849,13,20,PASS,248
4210850,13,23,PASS,208
4210851,13,23,PASS,222
4210852,13,21,PASS,258
4210853,13,24,PASS,274
4210854,13,25,PASS,240
4210855,13,21,PASS,260
4210856,13,20,PASS,324
4210857,13,19,PASS,237
4210858,13,22,PASS,225
4210859,13,23,PASS,266
4210860,13,22,PASS,221
4210861,13,24,PASS,233
4210862,13,24,PASS,241
4210863,13,22,PASS,245
4210864,13,21,PASS,260
4210865,13,23,PASS,274
4210866,13,21,PASS,242
4210867,13,27,PASS,264
4210868,13,23,PASS,261
4210869,13,24,PASS,256
4210870,13,23,PASS,220
4210871,13,22,PASS,240
4210872,13,25,PASS,290
4210873,13,23,PASS,243
4210874,13,28,PASS,254
4210875,13,22,PASS,255
4210876,13,22,PASS,244
4210877,13,26,PASS,263
4210878,13,24,PASS,230
4210879,13,21,PASS,240
4210880,13,24,PASS,270
4210881,13,26,PASS,229
4210882,13,24,PASS,209
4210883,13,23,PASS,209
4210884,13,24,PASS,211
4210885,13,23,PASS,242
4210886,13,21,PASS,211
4210887,13,24,PASS,207
4210888,13,25,PASS,200
4210889,13,22,PASS,214
4210890,13,24,PASS,232
4210891,13,22,PASS,212
4210892,13,25,PASS,214
4210893,13,23,PASS,204
4210894,13,26,PASS,235
4210895,13,23,PASS,234
4210896,13,27,PASS,212
4210897,13,23,PASS,204
4210898,13,24,PASS,214
4210899,13,22,PASS,213
4210900,13,20,PASS,192
4210901,13,24,PASS,193
4210902,13,22,PASS,194
4210903,13,25,PASS,212
4210904,13,25,PASS,196
4210905,13,20,PASS,185
4210906,13,24,PASS,204
4210907,13,25,PASS,197
4210908,13,22,PASS,197
4210909,13,25,PASS,212
4210910,13,22,PASS,208
4210911,13,21,PASS,197
4210912,13,23,PASS,225
4210913,13,20,PASS,240
4210914,13,23,PASS,212
4210915,13,23,PASS,198
4210916,13,21,PASS,192
4210917,13,21,PASS,197
4210918,13,24,PASS,214
4210919,13,26,PASS,210
4210920,13,24,PASS,215
4210921,13,21,PASS,194
4210922,13,20,PASS,194
4210923,13,25,PASS,211
4210924,13,20,PASS,198
4210925,13,23,PASS,198
4210926,13,24,PASS,199
4210927,13,25,PASS,194
4210928,13,22,PASS,224
4210929,13,23,PASS,187
4210930,13,20,PASS,184
4210931,13,23,PASS,191
4210932,13,25,PASS,203
4210933,13,19,PASS,198
4210934,13,23,PASS,222
4210935,13,23,PASS,206
4210936,13,25,PASS,216
4210937,13,22,PASS,209
4210938,13,24,PASS,207
4210939,13,19,PASS,184
4210940,13,24,PASS,203
4210941,13,26,PASS,204
4210942,13,20,PASS,188
4210943,13,22,PASS,204
4210944,13,24,PASS,213
4210945,13,23,PASS,194
4210946,13,24,PASS,214
4210947,13,23,PASS,213
4210948,13,20,PASS,194
4210949,13,19,PASS,191
4210950,13,22,PASS,188
4210951,13,24,PASS,229
4210952,13,23,PASS,221
4210953,13,23,PASS,205
4210954,13,24,PASS,206
4210955,13,23,PASS,208
4210956,13,21,PASS,198
4210957,13,26,PASS,200
4210958,13,25,PASS,197
4210959,13,22,PASS,183
4210960,13,24,PASS,206
4210961,13,23,PASS,194
4210962,13,25,PASS,213
4210963,13,25,PASS,199
4210964,13,21,PASS,194
4210965,13,23,PASS,197
4210966,13,22,PASS,191
4210967,13,23,PASS,218
4210968,13,20,PASS,181
4210969,13,21,PASS,194
4210970,13,25,PASS,200
4210971,13,20,PASS,187
4210972,13,21,PASS,210
4210973,13,25,PASS,208
4210974,13,21,PASS,228
4210975,13,25,PASS,199
4210976,13,23,PASS,190
4210977,13,19,PASS,220
4210978,13,20,PASS,188
4210979,13,21,PASS,194
4210980,13,23,PASS,194
4210981,13,22,PASS,199
4210982,13,25,PASS,246
4210983,13,20,PASS,183
4210984,13,25,PASS,223
4210985,13,26,PASS,207
4210986,13,22,PASS,212
4210987,13,25,PASS,202
4210988,13,24,PASS,206
4210989,13,21,PASS,212
4210990,13,22,PASS,195
4210991,13,22,PASS,189
4210992,13,26,PASS,195
4210993,13,23,PASS,193
4210994,13,22,PASS,194
4210995,13,24,PASS,210
4210996,13,22,PASS,196
4210997,13,22,PASS,197
4210998,13,24,PASS,215
4210999,13,21,PASS,198
4211000,13,20,PASS,200
4211001,13,22,PASS,197
4211002,13,23,PASS,207
4211003,13,24,PASS,229
4211004,13,25,PASS,199
4211005,13,23,PASS,199
4211006,13,24,PASS,206
4211007,13,23,PASS,204
4211008,13,22,PASS,183
4211009,13,24,PASS,201
4211010,13,20,PASS,190
4211011,13,22,PASS,190
4211012,13,22,PASS,195
4211013,13,22,PASS,202
4211014,13,24,PASS,206
4211015,13,26,PASS,229
4211016,13,22,PASS,243
4211017,13,25,PASS,259
4211018,13,24,PASS,220
4211019,13,24,PASS,217
4211020,13,20,PASS,221
4211021,13,26,PASS,246
4211022,13,21,PASS,215
4211023,13,27,PASS,212
4211024,13,20,PASS,189
4211025,13,25,PASS,202
4211026,13,23,PASS,199
4211027,13,21,PASS,211
4211028,13,21,PASS,202
4211029,13,23,PASS,189
4211030,13,22,PASS,200
4211031,13,23,PASS,188
4211032,13,21,PASS,198
4211033,13,21,PASS,194
4211034,13,25,PASS,190
4211035,13,19,PASS,197
4211036,13,26,PASS,207
4211037,13,25,PASS,200
4211038,13,24,PASS,204
4211039,13,20,PASS,192
4211040,13,23,PASS,223
4211041,13,22,PASS,198
4211042,13,25,PASS,193
4211043,13,22,PASS,221
4211044,13,22,PASS,195
4211045,13,26,PASS,211
4211046,13,23,PASS,200
4211047,13,24,PASS,197
4211048,13,24,PASS,214
4211049,13,25,PASS,201
4211050,13,23,PASS,240
4211051,13,22,PASS,237
4211052,13,27,PASS,196
4211053,13,24,PASS,199
4211054,13,21,PASS,192
4211055,13,20,PASS,214
4211056,13,23,PASS,211
4211057,13,25,PASS,194
4211058,13,24,PASS,204
4211059,13,22,PASS,189
4211060,13,22,PASS,204
4211061,13,24,PASS,208
4211062,13,25,PASS,229
4211063,13,21,PASS,222
4211064,13,23,PASS,198
4211065,13,20,PASS,201
4211066,13,21,PASS,186
4211067,13,22,PASS,187
4211068,13,21,PASS,193
4211069,13,20,PASS,202
4211070,13,24,PASS,197
4211071,13,26,PASS,198
4211072,13,24,PASS,252
4211073,13,24,PASS,208
4211074,13,21,PASS,197
4211075,13,25,PASS,205
4211076,13,25,PASS,199
4211077,13,22,PASS,205
4211078,13,26,PASS,217
4211079,13,21,PASS,200
4211080,13,22,PASS,190
4211081,13,24,PASS,204
4211082,13,23,PASS,195
4211083,13,20,PASS,190
4211084,13,21,PASS,219
4211085,13,23,PASS,187
4211086,13,23,PASS,192
4211087,13,25,PASS,201
4211088,13,21,PASS,200
4211089,13,22,PASS,210
4211090,13,23,PASS,195
4211091,13,24,PASS,195
4211092,13,25,PASS,194
4211093,13,21,PASS,192
4211094,13,21,PASS,212
4211095,13,20,PASS,215
4211096,13,22,PASS,193
4211097,13,23,PASS,215
4211098,13,23,PASS,196
4211099,13,20,PASS,194
4211100,13,22,PASS,187
4211101,13,24,PASS,190
4211102,13,21,PASS,206
4211103,13,23,PASS,198
4211104,13,27,PASS,223
4211105,13,23,PASS,186
4211106,13,25,PASS,199
4211107,13,21,PASS,197
4211108,13,21,PASS,187
4211109,13,24,PASS,214
4211110,13,22,PASS,190
4211111,13,24,PASS,192
4211112,13,23,PASS,198
4211113,13,22,PASS,193
4211114,13,22,PASS,213
4211115,13,22,PASS,194
4211116,13,24,PASS,199
4211117,13,22,PASS,194
4211118,13,23,PASS,201
4211119,13,22,PASS,205
4211120,13,25,PASS,193
4211121,13,23,PASS,220
4211122,13,22,PASS,199
4211123,13,24,PASS,197
4211124,13,25,PASS,252
4211125,13,22,PASS,234
4211126,13,24,PASS,216
4211127,13,23,PASS,244
4211128,13,20,PASS,257
4211129,13,21,PASS,233
4211130,13,21,PASS,223
4211131,13,22,PASS,209
4211132,13,22,PASS,196
4211133,13,21,PASS,201
4211134,13,24,PASS,211
4211135,13,26,PASS,226
4211136,13,22,PASS,201
4211137,13,19,PASS,202
4211138,13,23,PASS,195
4211139,13,25,PASS,228
4211140,13,22,PASS,214
4211141,13,22,PASS,201
4211142,13,23,PASS,212
4211143,13,20,PASS,187
4211144,13,22,PASS,201
4211145,13,25,PASS,201
4211146,13,24,PASS,200
4211147,13,21,PASS,211
4211148,13,21,PASS,224
4211149,13,24,PASS,230
4211150,13,23,PASS,214
4211151,13,24,PASS,197
4211152,13,21,PASS,224
4211153,13,21,PASS,203
4211154,13,22,PASS,217
4211155,13,21,PASS,194
4211156,13,24,PASS,206
4211157,13,24,PASS,222
4211158,13,25,PASS,200
4211159,13,24,PASS,207
4211160,13,23,PASS,195
4211161,13,24,PASS,218
4211162,13,23,PASS,198
4211163,13,21,PASS,224
4211164,13,23,PASS,208
4211165,13,23,PASS,203
4211166,13,26,PASS,214
4211167,13,23,PASS,249
4211168,13,25,PASS,205
4211169,13,22,PASS,195
4211170,13,25,PASS,192
4211171,13,23,PASS,300
4211172,13,22,PASS,199
4211173,13,21,PASS,193
4211174,13,24,PASS,198
4211175,13,25,PASS,202
4211176,13,21,PASS,213
4211177,13,23,PASS,209
4211178,13,24,PASS,207
4211179,13,22,PASS,195
4211180,13,27,PASS,223
4211181,13,22,PASS,188
4211182,13,24,PASS,193
4211183,13,24,PASS,202
4211184,13,23,PASS,209
4211185,13,21,PASS,202
4211186,13,26,PASS,197
4211187,13,22,PASS,189
4211188,13,26,PASS,191
4211189,13,25,PASS,207
4211190,13,24,PASS,203
4211191,13,22,PASS,191
4211192,13,23,PASS,192
4211193,13,28,PASS,216
4211194,13,25,PASS,217
4211195,13,23,PASS,205
4211196,13,23,PASS,195
4211197,13,23,PASS,211
4211198,13,21,PASS,204
4211199,13,21,PASS,186
4211200,13,23,PASS,211
4211201,13,22,PASS,196
4211202,13,23,PASS,229
4211203,13,22,PASS,215
4211204,13,23,PASS,186
4211205,13,23,PASS,207
4211206,13,23,PASS,194
4211207,13,21,PASS,195
4211208,13,26,PASS,191
4211209,13,23,PASS,192
4211210,13,24,PASS,210
4211211,13,22,PASS,199
4211212,13,25,PASS,193
4211213,13,25,PASS,197
4211214,13,22,PASS,201
4211215,13,24,PASS,255
4211216,13,21,PASS,233
4211217,13,24,PASS,194
4211218,13,24,PASS,204
4211219,13,23,PASS,209
4211220,13,22,PASS,203
4211221,13,22,PASS,198
4211222,13,26,PASS,197
4211223,13,24,PASS,201
4211224,13,27,PASS,218
4211225,13,25,PASS,199
4211226,13,25,PASS,198
4211227,13,22,PASS,200
4211228,13,22,PASS,202
4211229,13,22,PASS,216
4211230,13,21,PASS,198
4211231,13,23,PASS,208
4211232,13,22,PASS,189
4211233,13,26,PASS,214
4211234,13,25,PASS,208
4211235,13,25,PASS,205
4211236,13,22,PASS,192
4211237,13,22,PASS,205
4211238,13,24,PASS,199
4211239,13,24,PASS,207
4211240,13,24,PASS,189
4211241,13,23,PASS,205
4211242,13,22,PASS,201
4211243,13,23,PASS,192
4211244,13,23,PASS,207
4211245,13,22,PASS,196
4211246,13,25,PASS,210
4211247,13,22,PASS,196
4211248,13,24,PASS,195
4211249,13,24,PASS,214
4211250,13,23,PASS,197
4211251,13,24,PASS,211
4211252,13,22,PASS,199
4211253,13,23,PASS,199
4211254,13,24,PASS,218
4211255,13,22,PASS,205
4211256,13,23,PASS,192
4211257,13,20,PASS,191
4211258,13,25,PASS,199
4211259,13,25,PASS,227
4211260,13,21,PASS,208
4211261,13,20,PASS,203
4211262,13,24,PASS,199
4211263,13,20,PASS,201
4211264,13,23,PASS,209
4211265,13,24,PASS,210
4211266,13,24,PASS,190
4211267,13,23,PASS,190
4211268,13,24,PASS,209
4211269,13,21,PASS,189
4211270,13,24,PASS,202
4211271,13,21,PASS,201
4211272,13,21,PASS,310
4211273,13,24,PASS,240
4211274,13,23,PASS,194
4211275,13,22,PASS,214
4211276,13,21,PASS,208
4211277,13,28,PASS,230
4211278,13,22,PASS,198
4211279,13,27,PASS,192
4211280,13,21,PASS,185
4211281,13,25,PASS,208
4211282,13,19,PASS,190
4211283,13,25,PASS,202
4211284,13,25,PASS,200
4211285,13,21,PASS,224
4211286,13,22,PASS,198
4211287,13,22,PASS,187
4211288,13,24,PASS,201
4211289,13,23,PASS,228
4211290,13,24,PASS,199
4211291,13,24,PASS,198
4211292,13,24,PASS,217
4211293,13,24,PASS,209
4211294,13,21,PASS,233
4211295,13,21,PASS,201
4211296,13,25,PASS,187
4211297,13,25,PASS,208
4211298,13,25,PASS,201
4211299,13,24,PASS,190
4211300,13,23,PASS,190
4211301,13,23,PASS,199
4211302,13,22,PASS,208
4211303,13,23,PASS,241
4211304,13,25,PASS,191
4211305,13,20,PASS,182
4211306,13,22,PASS,194
4211307,13,21,PASS,221
4211308,13,25,PASS,196
4211309,13,23,PASS,190
4211310,13,26,PASS,196
4211311,13,20,PASS,201
4211312,13,24,PASS,225
4211313,13,23,PASS,201
4211314,13,25,PASS,193
4211315,13,23,PASS,197
4211316,13,24,PASS,201
4211317,13,22,PASS,208
4211318,13,25,PASS,186
4211319,13,21,PASS,202
4211320,13,23,PASS,207
4211321,13,23,PASS,206
4211322,13,23,PASS,211
4211323,13,27,PASS,207
4211324,13,25,PASS,202
4211325,13,24,PASS,222
4211326,13,24,PASS,213
4211327,13,27,PASS,197
4211328,13,27,PASS,214
4211329,13,22,PASS,196
4211330,13,24,PASS,222
4211331,13,25,PASS,193
4211332,13,25,PASS,202
4211333,13,22,PASS,191
4211334,13,25,PASS,203
4211335,13,20,PASS,191
4211336,13,18,PASS,183
4211337,13,25,PASS,201
4211338,13,20,PASS,207
4211339,13,22,PASS,211
4211340,13,23,PASS,203
4211341,13,22,PASS,187
4211342,13,25,PASS,218
4211343,13,23,PASS,196
4211344,13,23,PASS,185
4211345,13,22,PASS,190
4211346,13,23,PASS,190
4211347,13,23,PASS,227
4211348,13,26,PASS,219
4211349,13,21,PASS,194
4211350,13,25,PASS,197
4211351,13,24,PASS,192
4211352,13,24,PASS,217
4211353,13,26,PASS,192
4211354,13,24,PASS,195
4211355,13,22,PASS,186
4211356,13,23,PASS,195
4211357,13,25,PASS,198
4211358,13,25,PASS,189
4211359,13,27,PASS,199
4211360,13,22,PASS,187
4211361,13,25,PASS,207
4211362,13,23,PASS,210
4211363,13,26,PASS,195
4211364,13,20,PASS,189
4211365,13,23,PASS,187
4211366,13,24,PASS,203
4211367,13,23,PASS,196
4211368,13,22,PASS,185
4211369,13,19,PASS,194
4211370,13,26,PASS,213
4211371,13,19,PASS,186
4211372,13,22,PASS,212
4211373,13,23,PASS,188
4211374,13,19,PASS,195
4211375,13,24,PASS,202
4211376,13,26,PASS,206
4211377,13,21,PASS,224
4211378,13,25,PASS,195
4211379,13,24,PASS,210
4211380,13,20,PASS,186
4211381,13,23,PASS,203
4211382,13,22,PASS,223
4211383,13,21,PASS,185
4211384,13,23,PASS,199
4211385,13,24,PASS,210
4211386,13,22,PASS,187
4211387,13,25,PASS,216
4211388,13,22,PASS,213
4211389,13,22,PASS,190
4211390,13,23,PASS,194
4211391,13,24,PASS,197
4211392,13,27,PASS,231
4211393,13,25,PASS,197
4211394,13,22,PASS,190
4211395,13,18,PASS,182
4211396,13,23,PASS,205
4211397,13,23,PASS,211
4211398,13,23,PASS,217
4211399,13,21,PASS,187
4211400,13,22,PASS,190
4211401,13,23,PASS,209
4211402,13,21,PASS,219
4211403,13,22,PASS,200
4211404,13,24,PASS,200
4211405,13,25,PASS,184
4211406,13,25,PASS,206
4211407,13,25,PASS,244
4211408,13,24,PASS,201
4211409,13,28,PASS,200
4211410,13,22,PASS,199
4211411,13,23,PASS,204
4211412,13,23,PASS,195
4211413,13,24,PASS,187
4211414,13,21,PASS,187
4211415,13,22,PASS,204
4211416,13,23,PASS,196
4211417,13,22,PASS,200
4211418,13,25,PASS,202
4211419,13,24,PASS,219
4211420,13,18,PASS,182
